{
  "miniprogramRoot": "dist/",
  "projectname": "%E8%B6%A3%E5%A9%9A%E7%A4%BC%20-%20%E4%BA%91%E5%BC%80%E5%8F%91",
  "description": "趣婚礼",
  "appid": "wx29ddc6783f8e57e6",
  "cloudfunctionRoot": "cloud/functions/",
  "setting": {
    "urlCheck": false,
    "es6": false,
    "enhance": false,
    "postcss": false,
    "preloadBackgroundData": false,
    "minified": true,
    "newFeature": false,
    "coverView": true,
    "nodeModules": false,
    "autoAudits": false,
    "showShadowRootInWxmlPanel": true,
    "scopeDataCheck": false,
    "uglifyFileName": false,
    "checkInvalidKey": true,
    "checkSiteMap": true,
    "uploadWithSourceMap": true,
    "compileHotReLoad": false,
    "useMultiFrameRuntime": true,
    "useApiHook": true,
    "useApiHostProcess": true,
    "babelSetting": {
      "ignore": [],
      "disablePlugins": [],
      "outputPath": ""
    },
    "enableEngineNative": false,
    "useIsolateContext": true,
    "userConfirmedBundleSwitch": false,
    "packNpmManually": false,
    "packNpmRelationList": [],
    "minifyWXSS": true,
    "showES6CompileOption": false
  },
  "compileType": "miniprogram",
  "simulatorType": "wechat",
  "simulatorPluginLibVersion": {},
  "cloudfunctionTemplateRoot": "cloudfunctionTemplate",
  "libVersion": "2.19.5",
  "condition": {
    "search": {
      "list": []
    },
    "conversation": {
      "list": []
    },
    "plugin": {
      "list": []
    },
    "game": {
      "list": []
    },
    "gamePlugin": {
      "list": []
    },
    "miniprogram": {
      "list": [
        {
          "id": 0,
          "name": "pages/About/index",
          "pathName": "pages/About/index",
          "query": "",
          "scene": null
        },
        {
          "id": -1,
          "name": "pages/Msg/index",
          "pathName": "pages/Msg/index",
          "query": "",
          "scene": null
        },
        {
          "id": -1,
          "name": "pages/Photo/index",
          "pathName": "pages/Photo/index",
          "query": "",
          "scene": null
        },
        {
          "id": -1,
          "name": "pages/Location/index",
          "pathName": "pages/Location/index",
          "query": "",
          "scene": null
        },
        {
          "id": -1,
          "name": "pages/Bless/index",
          "pathName": "pages/Bless/index",
          "query": "",
          "scene": null
        },
        {
          "id": -1,
          "name": "pages/Attend/index",
          "pathName": "pages/Attend/index",
          "scene": null
        }
      ]
    }
  }
}